{
    "Desynchronized": {
        "QPSK 4/5": [
            -4.89,
            -8.0
        ],
        "QPSK 9/10": [
            -6.78,
            -10.89
        ]
    },
    "Frame Synchronized": {
        "QPSK 4/5": [
            null,
            null
        ],
        "QPSK 9/10": [
            null,
            null
        ]
    },
    "Synchronized": {
        "QPSK 4/5": [
            -8.17,
            -29.671799739838367,
            -30.69063873482707
        ],
        "QPSK 9/10": [
            -11.57,
            -29.671799739838367,
            -30.69063873482707
        ]
    }
}