{
    "0_gaussian": {
        "100%": null,
        "50%": 46.218200260159534
    },
    "1_interleaved": {
        "100%": null,
        "50%": 14.738200260160216
    },
    "2_deinterleaved": {
        "100%": null,
        "50%": 14.738200260160216
    },
    "3_frame_sync": {
        "100%": null,
        "50%": -4.3466499286262845
    },
    "4_coherent": {
        "100%": -22.05664992862591,
        "50%": -25.111041074316272
    },
    "5_full_knowledge": {
        "100%": -22.05664992862591,
        "50%": -25.111041074316272
    }
}