{
    "0_gaussian": {
        "100%": null,
        "50%": 52.23820026015942
    },
    "1_interleaved": {
        "100%": null,
        "50%": 18.73820026016013
    },
    "2_deinterleaved": {
        "100%": null,
        "50%": 18.73820026016013
    },
    "3_frame_sync": {
        "100%": null,
        "50%": 10.287219860017562
    },
    "4_coherent": {
        "100%": -8.542780139982039,
        "50%": -11.5971712856724
    },
    "5_full_knowledge": {
        "100%": -8.542780139982039,
        "50%": -11.5971712856724
    }
}