{
    "0_gaussian": {
        "100%": null,
        "50%": 48.840266520290264
    },
    "1_interleaved": {
        "100%": null,
        "50%": 18.580266520290905
    },
    "2_deinterleaved": {
        "100%": null,
        "50%": 18.580266520290905
    },
    "3_frame_sync": {
        "100%": null,
        "50%": -12.44063873482746
    },
    "4_coherent": {
        "100%": -30.69063873482707,
        "50%": -33.74502988051743
    },
    "5_full_knowledge": {
        "100%": -30.69063873482707,
        "50%": -33.74502988051743
    }
}